origem,destino,volume
1,1,1.7939985167436818
1,2,17.729956072793655
1,3,6.423389811170061
1,4,20.381573392663586
1,5,22.324342518112843
1,6,18.745096696902277
1,7,22.33309373038964
1,8,16.40852301899709
1,9,7.429779223001883
1,10,11.289063837069998
1,11,13.389354783501625
1,12,9.171270466084774
1,13,18.54381881453591
1,14,1.6102230589309146
1,15,6.817194363625991
1,16,32.92206058531576
1,17,51.48338182440527
1,18,0.05250727366079069
1,19,8.943738946888015
1,20,13.293091448456844
1,21,57.845513149637746
1,22,0.026253636830395347
1,23,0.936379713617434
1,24,12.35671173483941
1,25,5.0231958468823095
1,26,7.5960522562610535
1,27,33.35962119915568
1,28,2.257812767414
1,29,11.096537166980433
1,30,16.653556962747448
1,31,30.900530549375322
1,32,12.951794169661703
1,33,18.736345484625478
1,34,8.602441668092874
1,35,2.5203491357179533
1,36,7.000969821438758
1,37,12.190438701580238
1,38,17.694951223686463
1,39,0.9888869872782247
1,40,13.599383878144788
1,41,27.155011694905586
1,42,5.86331222545496
1,43,16.776073934622627
1,44,0.2187803069199612
1,45,7.114735581037139
1,46,1.52271093616293
1,47,35.80120942438245
1,48,18.246277597124763
1,49,11.201551714302013
1,50,4.699400992640767
1,51,26.096115009412973
1,52,38.75911917394033
1,53,0.10501454732158139
2,1,2.3015574191340065
2,2,22.746123566660962
2,3,8.240698271435907
2,4,26.14793770323464
2,5,28.640355981516343
2,6,24.04846825260996
2,7,28.651583090877974
2,8,21.050830053054938
2,9,9.531815848023276
2,10,14.482971076501798
2,11,17.17747732329283
2,12,11.766010610987507
2,13,23.790244737292486
2,14,2.065788122539791
2,15,8.745918192709224
2,16,42.23638541844943
2,17,66.04908437446517
2,18,0.0673626561697758
2,19,11.474105767585145
2,20,17.053979120314906
2,21,74.21119288036968
2,22,0.0336813280848879
2,23,1.2013007016943351
2,24,15.852678418620572
2,25,6.444360773575219
2,26,9.745130925894232
2,27,42.79774088653089
2,28,2.8965942153003597
2,29,14.235974670545952
2,30,21.36518911518056
2,31,39.64292315591306
2,32,16.616121855211365
2,33,24.03724114324833
2,34,11.036248502481602
2,35,3.2334074961492383
2,36,8.98168748930344
2,37,15.639363340749615
2,38,22.701215129214447
2,39,1.2686633578641109
2,40,17.446927947971933
2,41,34.837720349135715
2,42,7.522163272291631
2,43,21.52236864624337
2,44,0.2806777340407325
2,45,9.127639911004621
2,46,1.9535170289234982
2,47,45.93010439842547
2,48,23.40852301899709
2,49,14.370699982885505
2,50,6.028957727194935
2,51,33.47924011637857
2,52,49.72486736265617
2,53,0.1347253123395516
3,1,1.8571510069028467
3,2,18.354087512122767
3,3,6.649506532032632
3,4,21.099047293057218
3,5,23.110205944434938
3,6,19.40496320383365
3,7,23.11926521763934
3,8,16.986137258257745
3,9,7.6913229505391065
3,10,11.686462433681328
3,11,13.86068800273832
3,12,9.494118318215529
3,13,19.196599920132353
3,14,1.66690626961036
3,15,7.057173826230818
3,16,34.08098579496834
3,17,53.2957042615095
3,18,0.05435563922642478
3,19,9.258577214901022
3,20,13.761035997489873
3,21,59.8817958811113
3,22,0.02717781961321239
3,23,0.969342232871242
3,24,12.791693764618632
3,25,5.2000228193279705
3,26,7.863449141422786
3,27,34.53394945518855
3,28,2.3372924867362657
3,29,11.487158423184438
3,30,17.23979690798106
3,31,31.988293684750985
3,32,13.407724342518113
3,33,19.395903930629242
3,34,8.90526555992926
3,35,2.6090706828683894
3,36,7.247418563523304
3,37,12.619567573734953
3,38,18.317850419305152
3,39,1.0236978720976668
3,40,14.078110559644019
3,41,28.110924753266016
3,42,6.069713046950767
3,43,17.366626732842718
3,44,0.22648183011010325
3,45,7.365189115180558
3,46,1.5763135375663186
3,47,37.061486679217296
3,48,18.888584631182614
3,49,11.595869701637287
3,50,4.864829710765018
3,51,27.014752695533115
3,52,40.123521022305894
3,53,0.10871127845284956
4,1,4.245250727366079
4,2,41.95550231045696
4,3,15.200068457983912
4,4,48.23018997090536
4,5,52.82748588054082
4,6,44.35769296594215
4,7,52.84819442067431
4,8,38.8285127502995
4,9,17.581550573335615
4,10,26.714016772206058
4,11,31.684066404244394
4,12,21.702550059900737
4,13,43.88139654287181
4,14,3.8103713845627247
4,15,16.1319527639911
4,16,77.90552798220092
4,17,121.82834160533972
4,18,0.12425124080095841
4,19,21.164128016429917
4,20,31.45627246277597
4,21,136.8834502823892
4,22,0.062125620400479205
4,23,2.215813794283758
4,24,29.240458668492213
4,25,11.886702036625021
4,26,17.975012835871983
4,27,78.94095498887557
4,28,5.3428033544412115
4,29,26.25842888926921
4,30,39.40835187403731
4,31,73.12185521136402
4,32,30.64863939756974
4,33,44.33698442580866
4,34,20.356494951223684
4,35,5.964059558446004
4,36,16.566832106794454
4,37,28.846996405955846
4,38,41.87266814992299
4,39,2.3400650350847165
4,40,32.181071367448226
4,41,64.25860003422899
4,42,13.874721889440355
4,43,39.698271435906214
4,44,0.5177135033373267
4,45,16.836043128529866
4,46,3.603285983227794
4,47,84.71863768612015
4,48,43.17730617833305
4,49,26.50693137087113
4,50,11.120486051685777
4,51,61.75286667807633
4,52,91.7181242512408
4,53,0.24850248160191682
5,1,2.3296251925380798
5,2,23.0235153174739
5,3,8.34119459181927
5,4,26.466814992298477
5,5,28.989628615437276
5,6,24.34174225569057
5,7,29.00099264076673
5,8,21.30754749272634
5,9,9.648057504706486
5,10,14.659592674995721
5,11,17.386958754064693
5,12,11.90949854526784
5,13,24.080369673113125
5,14,2.090980660619545
5,15,8.852575731644702
5,16,42.751463289406125
5,17,66.85456101317816
5,18,0.06818415197672428
5,19,11.614033886702035
5,20,17.261954475440696
5,21,75.11620742769125
5,22,0.03409207598836214
5,23,1.215950710251583
5,24,16.046003765189116
5,25,6.522950539106623
5,26,9.863973985966114
5,27,43.31966455587883
5,28,2.931918534999144
5,29,14.409584117747732
5,30,21.62574020195105
5,31,40.12637343830224
5,32,16.81875748759199
5,33,24.330378230361116
5,34,11.170836898853329
5,35,3.2728392948827656
5,36,9.091220263563237
5,37,15.830087283929489
5,38,22.978059216156083
5,39,1.2841348622283073
5,40,17.65969536197159
5,41,35.262570597295905
5,42,7.613896970734212
5,43,21.78483655656341
5,44,0.28410063323635115
5,45,9.23895259284614
5,46,1.9773404073250043
5,47,46.49022762279651
5,48,23.693992811911688
5,49,14.54595242170118
5,50,6.102481601916823
5,51,33.88752353243197
5,52,50.33126818415197
5,53,0.13636830395344857
6,1,4.610131781619032
6,2,45.56159507102516
6,3,16.506520622967656
6,4,52.375594728735244
6,5,57.36803012151292
6,6,48.17025500599008
6,7,57.39051856922814
6,8,42.16583946602773
6,9,19.092692110217357
6,10,29.010097552627077
6,11,34.407325004278626
6,12,23.567893205545097
6,13,47.65302070854014
6,14,4.137874379599521
6,15,17.518500770152322
6,16,84.60154030463804
6,17,132.2995379086086
6,18,0.13493068629128874
6,19,22.983193564949513
6,20,34.15995207941126
6,21,148.64863939756975
6,22,0.06746534314564437
6,23,2.4062639055279824
6,24,31.75368817388328
6,25,12.908368988533288
6,26,19.519972616806438
6,27,85.72596269039877
6,28,5.802019510525415
6,29,28.515351702892353
6,30,42.795516002053745
6,31,79.40670888242342
6,32,33.28290261851789
6,33,48.14776655827486
6,34,22.10614410405614
6,35,6.476672941981859
6,36,17.99075817217183
6,37,31.326407667294202
6,38,45.4716412801643
6,39,2.541194591819271
6,40,34.94704774944378
6,41,69.78165326031149
6,42,15.067259969193909
6,43,43.11035427006675
6,44,0.5622111928803697
6,45,18.283107992469624
6,46,3.9129899024473733
6,47,92.0002396029437
6,48,46.88841348622283
6,49,28.78521307547493
6,50,12.07629642307034
6,51,67.0605510867705
6,52,99.60133493068629
6,53,0.2698613725825775
7,1,3.8102002396029437
7,2,37.65593017285641
7,3,13.64237549204176
7,4,43.28759199041588
7,5,47.413760054766385
7,6,39.81194591819271
7,7,47.4323463973986
7,8,34.84939243539278
7,9,15.77980489474585
7,10,23.97638199555023
7,11,28.437104227280507
7,12,19.478487078555535
7,13,39.38446003765189
7,14,3.419887044326545
7,15,14.478760910491186
7,16,69.92182098237207
7,17,109.34345370528838
7,18,0.11151805579325688
7,19,18.99524217011809
7,20,28.232654458326202
7,21,122.85572479890467
7,22,0.05575902789662844
7,23,1.9887386616464144
7,24,26.243915796679786
7,25,10.668560670888242
7,26,16.13294540475783
7,27,70.85113811398254
7,28,4.795276399110046
7,29,23.567482457641624
7,30,35.369810029094644
7,31,65.62837583433168
7,32,27.507787095670032
7,33,39.7933595755605
7,34,18.27037480746192
7,35,5.352866678076331
7,36,14.869074105767584
7,37,25.890775286667807
7,38,37.58158480232757
7,39,2.1002567174396716
7,40,28.883176450453533
7,41,57.67342118774602
7,42,12.452849563580353
7,43,35.63001882594558
7,44,0.464658565805237
7,45,15.110696559986309
7,46,3.23402361800445
7,47,76.03672770836899
7,48,38.75252438815677
7,49,23.790518569228137
7,50,9.980865993496492
7,51,55.424473729248675
7,52,82.3189115180558
7,53,0.22303611158651376
8,1,7.377146443037253
8,2,72.90779850533403
8,3,26.41378287409436
8,4,83.81158080894518
8,5,91.80049061555138
8,6,77.08218380968681
8,7,91.83647669576132
8,8,67.47390039363341
8,9,30.55218209823721
8,10,46.42204347081979
8,11,55.05870272120487
8,12,37.71341206001484
8,13,76.25450396485824
8,14,6.621438758628559
8,15,28.033156483541564
8,16,135.37963374978608
8,17,211.7061098750642
8,18,0.21591648125962692
8,19,36.77777397455645
8,20,54.66285583889555
8,21,237.867990187689
8,22,0.10795824062981346
8,23,3.8505105824633468
8,24,50.8123452564322
8,25,20.65601004050431
8,26,31.23591762222603
8,27,137.17893776028296
8,28,9.284408694163957
8,29,45.63034970620116
8,30,68.48151063951167
8,31,127.06684922129044
8,32,53.25939871070798
8,33,77.04619772947687
8,34,35.37431684636888
8,35,10.363991100462092
8,36,28.78886416795026
8,37,50.12860973244339
8,38,72.76385418449428
8,39,4.066427063722974
8,40,55.92236864624337
8,41,111.66480689143705
8,42,24.11067374065834
8,43,68.9853157624508
8,44,0.8996520052484456
8,45,29.256683210679448
8,46,6.261577956529181
8,47,147.21905413885563
8,48,75.03097723772035
8,49,46.06218266872041
8,50,19.32452507273661
8,51,107.31049118603458
8,52,159.3823492498146
8,53,0.43183296251925385
9,1,1.2887785954703634
9,2,12.736904558160761
9,3,4.614456044269496
9,4,14.641782189514519
9,5,16.037435107536083
9,6,13.466164641451309
9,7,16.043721832392038
9,8,11.78760910491186
9,9,5.337429402704091
9,10,8.10987506417936
9,11,9.618689029608078
9,12,6.588487649038735
9,13,13.32156996976439
9,14,1.1567573734953505
9,15,4.897358662787381
9,16,23.650658908095156
9,17,36.98480232757145
9,18,0.03772034913571795
9,19,6.425032802783958
9,20,9.549535056192594
9,21,41.55525129784928
9,22,0.018860174567858976
9,23,0.6726795595869701
9,24,8.876855496605625
9,25,3.6085800673170176
9,26,5.456877174967198
9,27,23.964995150892808
9,28,1.6219750128358719
9,29,7.971567117348394
9,30,11.963637400878545
9,31,22.198425466370015
9,32,9.304352786810428
9,33,13.459877916595357
9,34,6.179850533401791
9,35,1.8105767585144616
9,36,5.029379884762394
9,37,8.757407724342517
9,38,12.71175765873695
9,39,0.7103999087226881
9,40,9.769570426150949
9,41,19.507707228022134
9,42,4.212105653488504
9,43,12.051651548861885
9,44,0.1571681213988248
9,45,5.111107307889783
9,46,1.0938901249358206
9,47,25.718991385703692
9,48,13.10782132466199
9,49,8.04700781561983
9,50,3.3759712476467567
9,51,18.747013520451823
9,52,27.8439043870158
9,53,0.0754406982714359
10,1,6.600604712191227
10,2,65.23329339950939
10,3,23.63338467682127
10,4,74.98930914484569
10,5,82.13728107707229
10,6,68.96826972445662
10,7,82.16947914883907
10,8,60.37138456272463
10,9,27.336162930001713
10,10,41.53551257915455
10,11,49.2630498031833
10,12,33.74357921159222
10,13,68.22771407382052
10,14,5.92444520508871
10,15,25.08229790632666
10,16,121.1291459866507
10,17,189.4212562040048
10,18,0.19318843060071883
10,19,32.90642934565577
10,20,48.908871013748644
10,21,212.82925437845856
10,22,0.09659421530035942
10,23,3.4451936790461524
10,24,45.463677334702496
10,25,18.481693194135435
10,26,27.947926293570656
10,27,122.73904957499002
10,28,8.307102515830909
10,29,40.827155000285245
10,30,61.27293057219465
10,31,113.69139140852302
10,32,47.65314621484397
10,33,68.93607165268983
10,34,31.6507045467511
10,35,9.273044668834503
10,36,25.758457413429177
10,37,44.85191397113355
10,38,65.10450111244224
10,39,3.638382109646871
10,40,50.035803525586175
10,41,99.91061669233841
10,42,21.572708083746935
10,43,61.72370357692966
10,44,0.8049517941696618
10,45,26.1770323463974
10,46,5.602464487420845
10,47,131.72231159792344
10,48,67.13297963374978
10,49,41.21353186148668
10,50,17.290364538764333
10,51,96.01465000855725
10,52,142.60525985509727
10,53,0.38637686120143766
11,1,2.7553197558331908
11,2,27.230623538136804
11,3,9.865388784300302
11,4,31.303120543100007
11,5,34.28693022990473
11,6,28.789731302413145
11,7,34.30037081407953
11,8,25.2010953277426
11,9,11.411055964401848
11,10,17.338353585486907
11,11,20.56409378743796
11,12,14.085732215186264
11,13,28.480597866392834
11,14,2.473067488162474
11,15,10.470215072166125
11,16,50.56347766558275
11,17,79.07095670032518
11,18,0.08064350504877632
11,19,13.736277026641567
11,20,20.416247361515204
11,21,88.8422613954019
11,22,0.04032175252438816
11,23,1.4381425067031777
11,24,18.978104854812027
11,25,7.714895316332934
11,26,11.666427063722974
11,27,51.23550687432255
11,28,3.4676707170973815
11,29,17.042660733641394
11,30,25.57743168463689
11,31,47.458702721204865
11,32,19.892064578698157
11,33,28.77629071823835
11,34,13.21209424382452
11,35,3.8708882423412634
11,36,10.752467339836842
11,37,18.7227337554909
11,38,27.176861201437617
11,39,1.518786011751954
11,40,20.886667807633067
11,41,41.70613269439215
11,42,9.005191397113355
11,43,25.765599863084034
11,44,0.3360146043699013
11,45,10.927194934109192
11,46,2.338661646414513
11,47,54.98542985909065
11,48,28.02361800444977
11,49,17.203947743738947
11,50,7.21759370186548
11,51,40.07982200924183
11,52,59.52834731017172
11,53,0.16128701009755264
12,1,1.3519310856295281
12,2,13.361035997489875
12,3,4.840572765132067
12,4,15.359256089908152
12,5,16.82329853385818
12,6,14.12603114838268
12,7,16.829893319641737
12,8,12.365223344172515
12,9,5.598973130241315
12,10,8.50727366079069
12,11,10.090022248844772
12,12,6.911335501169491
12,13,13.97435107536083
12,14,1.2134405841747962
12,15,5.1373381253922075
12,16,24.809584117747733
12,17,38.79712476467568
12,18,0.039568714701352044
12,19,6.739871070796965
12,20,10.017479605225626
12,21,43.59153402932284
12,22,0.019784357350676022
12,23,0.7056420788407781
12,24,9.311837526384847
12,25,3.785407039762679
12,26,5.724274060128929
12,27,25.139323406925666
12,28,1.701454732158138
12,29,8.3621883735524
12,30,12.549877346112156
12,31,23.28618860174568
12,32,9.760282959666839
12,33,14.11943636259912
12,34,6.4826744252381765
12,35,1.8992983056648982
12,36,5.275828626846939
12,37,9.186536596497234
12,38,13.33465685435564
12,39,0.7452107935421302
12,40,10.24829710765018
12,41,20.463620286382564
12,42,4.418506474984312
12,43,12.642204347081979
12,44,0.16486964458896686
12,45,5.361560842033202
12,46,1.1474927263392094
12,47,26.979268640538535
12,48,13.750128358719836
12,49,8.441325802955102
12,50,3.5413999657710082
12,51,19.665651206571965
12,52,29.208306235381368
12,53,0.07913742940270409
13,1,5.0334873637971365
13,2,49.74558731245365
13,3,18.022340122083406
13,4,57.18532717211478
13,5,62.63622568315363
13,6,52.593804552455936
13,7,62.66077928005021
13,8,46.03799418107137
13,9,20.846003765189117
13,10,31.674139996577104
13,11,37.56700325175424
13,12,25.732169547606823
13,13,52.02907182383479
13,14,4.517861828969137
13,15,19.12725198242912
13,16,92.3706315249016
13,17,144.44881054252954
13,18,0.14732158137942838
13,19,25.093776028295967
13,20,37.29691368589195
13,21,162.29927548633694
13,22,0.07366079068971419
13,23,2.6272348679331397
13,24,34.66967881795881
13,25,14.093764618631981
13,26,21.312522106223973
13,27,93.59831136973017
13,28,6.33482799931542
13,29,31.133960864852533
13,30,46.72549489417537
13,31,86.69875064179361
13,32,36.339323406925665
13,33,52.56925095555936
13,34,24.136185749329684
13,35,7.071435906212562
13,36,19.64287751725712
13,37,34.203160476923955
13,38,49.64737292486736
13,39,2.774556449312568
13,40,38.15628957727195
13,41,76.18981117006105
13,42,16.450909920702838
13,43,47.06924525072737
13,44,0.613839922414285
13,45,19.962074276912546
13,46,4.2723258600034235
13,47,100.44876490387358
13,48,51.19424952935136
13,49,31.42860402761139
13,50,13.18528153345884
13,51,73.2188259455759
13,52,108.74788065491472
13,53,0.29464316275885677
14,1,1.120371955045924
14,2,11.07255405328313
14,3,4.011478121969308
14,4,12.728518455131496
14,5,13.941799304010496
14,6,11.706520622967652
14,7,13.947264533059501
14,8,10.247304466883449
14,9,4.639979462604826
14,10,7.050145473215814
14,11,8.361800444976895
14,12,5.727560043356723
14,13,11.580820354840549
14,14,1.005602145016829
14,15,4.257413429174511
14,16,20.560191682354954
14,17,32.15194249529351
14,18,0.03279137429402704
14,19,5.585464088082605
14,20,8.301682925437845
14,21,36.125164013919786
14,22,0.01639568714701352
14,23,0.5847795082434822
14,24,7.716903417194363
14,25,3.1370414741285866
14,26,4.743818814535912
14,27,20.83345313480518
14,28,1.4100290946431626
14,29,6.929910434137714
14,30,10.400330880255575
14,31,19.297723772034914
14,32,8.08853899252667
14,33,11.701055393918649
14,34,5.37232015517143
14,35,1.5739859661132978
14,36,4.372183239203605
14,37,7.613064065263277
14,38,11.050693137087112
14,39,0.6175708825375092
14,40,8.492965942153003
14,41,16.958605739060985
14,42,3.661703462833019
14,43,10.47684408694164
14,44,0.13663072622511266
14,45,4.443231216840664
14,46,0.9509498545267842
14,47,22.358252039477435
14,48,11.395002567174396
14,49,6.9954931827257685
14,50,2.93482799931542
14,51,16.297313024131437
14,52,24.205499458040958
14,53,0.06558274858805407
15,1,4.444064122311598
15,2,43.92036054538194
15,3,15.911917394032747
15,4,50.4889041017742
15,5,55.30150037081408
15,6,46.435050487763135
15,7,55.32317873238633
15,8,40.64692794797193
15,9,18.40492897484169
15,10,27.96508642820469
15,11,33.1678932055451
15,12,22.718922927719778
15,13,45.93644817160135
15,14,3.9888185292943126
15,15,16.887443664784072
15,16,81.55399623481088
15,17,127.53380112955674
15,18,0.13007016943351019
15,19,22.155285526841237
15,20,32.92943122825033
15,21,143.29396999258373
15,22,0.06503508471675509
15,23,2.3195846882309317
15,24,30.609846540019397
15,25,12.443379542472474
15,26,18.816817844714475
15,27,82.63791431342347
15,28,5.593017285640938
15,29,27.48816247361515
15,30,41.25392207199498
15,31,76.54629471162075
15,32,32.083975126932515
15,33,46.413372126190886
15,34,21.309829425523418
15,35,6.243368132808489
15,36,17.342689257801357
15,37,30.197957670146614
15,38,43.833647099092936
15,39,2.449654857664442
15,40,33.68817388327914
15,41,67.26795595869702
15,42,14.524502253408638
15,43,41.5574191340065
15,44,0.5419590393062924
15,45,17.62450795824063
15,46,3.772034913571795
15,47,88.6861771920817
15,48,45.199383878144786
15,49,27.748302812482173
15,50,11.641280164299161
15,51,64.64487420845457
15,52,96.01346340350277
15,53,0.26014033886702037
16,1,4.790233327628502
16,2,47.34152547207485
16,3,17.151372012094246
16,4,54.421724000228195
16,5,59.60919618917223
16,6,50.05209652575732
16,7,59.63256318101432
16,8,43.813109703919224
16,9,19.838576073934625
16,10,30.143419476296426
16,11,35.75149751839808
16,12,24.488607450510585
16,13,49.514655713389246
16,14,4.299526498944607
16,15,18.202886644988308
16,16,87.90662330994353
16,17,137.46801300701696
16,18,0.14020195105254152
16,19,23.881065662616237
16,20,35.49446060813509
16,21,154.45581607621656
16,22,0.07010097552627076
16,23,2.500268127103657
16,24,32.99419248103143
16,25,13.412653317359805
16,26,20.28254891893434
16,27,89.07497290204805
16,28,6.028683895259285
16,29,29.62934565577044
16,30,44.46738547549775
16,31,82.50884819442068
16,32,34.58314792629357
16,33,50.02872953391523
16,34,22.969752980774718
16,35,6.729693650521993
16,36,18.693593473672202
16,37,32.55021963603172
16,38,47.24805750470649
16,39,2.6404700781561985
16,40,36.31230532260825
16,41,72.50777568600606
16,42,15.655884534200469
16,43,44.79452336128701
16,44,0.5841747960522563
16,45,18.997364367619376
16,46,4.065856580523704
16,47,95.59436362599122
16,48,48.720177990758174
16,49,29.90974955787552
16,50,12.548074619202465
16,51,69.68036967311313
16,52,103.49240686861772
16,53,0.28040390210508304
17,1,7.218095727080837
17,2,71.33591191739403
17,3,25.84430372525529
17,4,82.0046095042501
17,5,89.82127902333276
17,6,75.42029779223002
17,7,89.85648924639169
17,8,66.01916823549547
17,9,29.893479377032346
17,10,45.42118774602088
17,11,53.8716412801643
17,12,36.9003137657596
17,13,74.6104626618746
17,14,6.478681042843288
17,15,27.42876376290718
17,16,132.4608591476981
17,17,207.14174225569056
17,18,0.2112613383535855
17,19,35.98484796622739
17,20,53.48432882651606
17,21,232.73957441953334
17,22,0.10563066917679274
17,23,3.7674938673056078
17,24,49.71683495921045
17,25,20.210668035826345
17,26,30.562473615152033
17,27,134.22137030064465
17,28,9.084237549204175
17,29,44.6465628387244
17,30,67.00505448114554
17,31,124.32729762108507
17,32,52.111130127217756
17,33,75.38508756917109
17,34,34.61164926692909
17,35,10.140544240972103
17,36,28.168178447144733
17,37,49.047840721090765
17,38,71.19507102515831
17,39,3.9787552056591933
17,40,54.71668663357864
17,41,109.25732215186262
17,42,23.590849449483713
17,43,67.49799760397056
17,44,0.8802555764732729
17,45,28.625911346910833
17,46,6.126578812253979
17,47,144.04502253408637
17,48,73.41331507787096
17,49,45.06908551543157
17,50,18.907889782645903
17,51,104.99688516173198
17,52,155.94607792800502
17,53,0.422522676707171
18,1,0.14033886702036624
18,2,1.3869587540646928
18,3,0.5024816019168236
18,4,1.5943864453191852
18,5,1.746363169604655
18,6,1.4663700154030463
18,7,1.7470477494437788
18,8,1.2835871983570084
18,9,0.5812082834160534
18,10,0.8831079924696217
18,11,1.0474071538593188
18,12,0.7174396714016772
18,13,1.4506246791032003
18,14,0.12596269039876776
18,15,0.5332876946773917
18,16,2.5753893547835016
18,17,4.027383193564949
18,18,0.004107479034742427
18,19,0.69964059558446
18,20,1.0398767756289578
18,21,4.525072736607907
18,22,0.0020537395173712133
18,23,0.07325004278623994
18,24,0.9666267328427177
18,25,0.3929488276570255
18,26,0.5942153003594044
18,27,2.6096183467396883
18,28,0.17662159849392434
18,29,0.8680472360088995
18,30,1.302755433852473
18,31,2.417251411945918
18,32,1.013178161903132
18,33,1.4656854355639226
18,34,0.6729419818586342
18,35,0.19715899366763648
18,36,0.5476638712989902
18,37,0.9536197158993667
18,38,1.3842204347081977
18,39,0.07735752182098236
18,40,1.0638370699982884
18,41,2.1242512408009584
18,42,0.4586684922129043
18,43,1.3123395516002052
18,44,0.017114495978093443
18,45,0.5565634092075988
18,46,0.11911689200753037
18,47,2.800616121855211
18,48,1.4273489645729933
18,49,0.8762621940783843
18,50,0.3676193736094472
18,51,2.041417080266986
18,52,3.0320041074790347
18,53,0.008214958069484853
19,1,1.501625877117919
19,2,14.840458668492214
19,3,5.376553140510012
19,4,17.059934964915286
19,5,18.686085914769812
19,6,15.690159164812597
19,7,18.693410919048436
19,8,13.73438302241999
19,9,6.218928632551772
19,10,9.449255519424954
19,11,11.207256546294712
19,12,7.676604483997947
19,13,15.521684066404246
19,14,1.3478007872668152
19,15,5.706178333048092
19,16,27.55666609618347
19,17,43.093000171144965
19,18,0.04395002567174397
19,19,7.486154372753723
19,20,11.126681499229848
19,21,48.41827828170461
19,22,0.021975012835871985
19,23,0.7837754578127675
19,24,10.34290604141708
19,25,4.204552455930173
19,26,6.358103713845628
19,27,27.92291631011467
19,28,1.8898511038849908
19,29,9.288105425295226
19,30,13.939483142221462
19,31,25.864590107821325
19,32,10.841006332363513
19,33,15.682834160533973
19,34,7.200479205887387
19,35,2.1096012322437105
19,36,5.8600034228991955
19,37,10.203730960123226
19,38,14.811158651377717
19,39,0.8277254834845115
19,40,11.383056648981688
19,41,22.729488276570255
19,42,4.907752866678076
19,43,14.042033202122198
19,44,0.18312510696559986
19,45,5.955228478521308
19,46,1.274550744480575
19,47,29.966592503850762
19,48,15.27263392093103
19,49,9.376005476638714
19,50,3.9335272976210853
19,51,21.843162758856753
19,52,32.44244395002568
19,53,0.08790005134348794
20,1,3.1459296023732097
20,2,31.09099207028353
20,3,11.263962576302127
20,4,35.74082948257173
20,5,39.147641051971014
20,6,32.87112784528495
20,7,39.162987050031376
20,8,28.773746363169604
20,9,13.028752353243195
20,10,19.796337497860687
20,11,23.479377032346395
20,12,16.082605967254263
20,13,32.51816988989674
20,14,2.8236636431057103
20,15,11.954532489018197
20,16,57.731644703063495
20,17,90.28050658908094
20,18,0.09207598836214273
20,19,15.683610017684979
20,20,23.31057105368247
20,21,101.43704717896057
20,22,0.046037994181071365
20,23,1.6420217924582121
20,24,21.668549261224257
20,25,8.808602886644987
20,26,13.320326316389982
20,27,58.498944606081345
20,28,3.9592674995721375
20,29,19.45872554053283
20,30,29.203434308859602
20,31,54.186719151121
20,32,22.71207712932854
20,33,32.8557818472246
20,34,15.08511609333105
20,35,4.4196474413828515
20,36,12.276798448285698
20,37,21.376975298077472
20,38,31.0296080780421
20,39,1.7340977808203548
20,40,23.847680985794966
20,41,47.61863198128815
20,42,10.281818700439272
20,43,29.418278281704602
20,44,0.38364995150892806
20,45,12.47629642307034
20,46,2.6702036625021393
20,47,62.780478064920985
20,48,31.996405955844597
20,49,19.642877517257116
20,50,8.240800958411775
20,51,45.761766215984935
20,52,67.96742540932169
20,53,0.18415197672428546
21,1,8.710365679730732
21,2,86.08390666894859
21,3,31.18735809230418
21,4,98.95825203947743
21,5,108.39094072679559
21,6,91.01269895601574
21,7,108.4334303154772
21,8,79.66797877802497
21,9,36.07366079068971
21,10,54.81156939928119
21,11,65.00907068286838
21,12,44.529088938330766
21,13,90.03543841633864
21,14,7.818084317416852
21,15,33.09938958297678
21,16,159.84583262022932
21,17,249.96625021393118
21,18,0.25493753208967995
21,19,43.42435963260882
21,20,64.54168520737063
21,21,280.85618118546404
21,22,0.12746876604483998
21,23,4.5463859889326255
21,24,59.995299218438014
21,25,24.38902390324605
21,26,36.880962975640365
21,27,161.97031205431
21,28,10.962313879856238
21,29,53.87679844828569
21,30,80.85768726111016
21,31,150.03073763477664
21,32,62.88459124878772
21,33,90.97020936733412
21,34,41.7672656740259
21,35,12.237001540304638
21,36,33.99167094529066
21,37,59.187997033487356
21,38,85.91394831422214
21,39,4.801323521022305
21,40,66.0288208112271
21,41,131.84519367904613
21,42,28.468024416680926
21,43,81.45254150265274
21,44,1.062239717040333
21,45,34.54403559815163
21,46,7.393188430600718
21,47,173.8249072964801
21,48,88.59079240116378
21,49,54.38667351246505
21,50,22.816909122026356
21,51,126.70395344857093
21,52,188.18638827086542
21,53,0.5098750641793599
22,1,0.5777283359005078
22,2,5.709646870899652
22,3,2.068549261224257
22,4,6.563557533230647
22,5,7.189195048205831
22,6,6.036556563409208
22,7,7.192013235210223
22,8,5.284100633236352
22,9,2.39264076672942
22,10,3.6354612356666096
22,11,4.311826116720863
22,12,2.9534599806035713
22,13,5.971738262308175
22,14,0.5185464088082606
22,15,2.1953676764219296
22,16,10.602019510525416
22,17,16.579394146842375
22,18,0.016909122026356325
22,19,2.880187118489361
22,20,4.280826059672543
22,21,18.628216099035885
22,22,0.008454561013178163
22,23,0.30154600947002114
22,24,3.979280050202522
22,25,1.6176393405214218
22,26,2.4461863198128815
22,27,10.742928860745051
22,28,0.727092247133322
22,29,3.57346112156997
22,30,5.363009869359348
22,31,9.951018312510698
22,32,4.170916766501227
22,33,6.033738376404815
22,34,2.7702778253180447
22,35,0.8116378572651036
22,36,2.2545496035141768
22,37,3.92573449711906
22,38,5.698374122882082
22,39,0.31845513149637744
22,40,4.379462604826288
22,41,8.744834274630612
22,42,1.8881852929431229
22,43,5.402464487420846
22,44,0.07045467510981802
22,45,2.291186034571282
22,46,0.4903645387643334
22,47,11.529203034970621
22,48,5.875919904158823
22,49,3.6072793656226825
22,50,1.513366421358891
22,51,8.403833647099093
22,52,12.48175024245536
22,53,0.03381824405271265
23,1,0.6034571281875749
23,2,5.963922642478179
23,3,2.160670888242341
23,4,6.855861714872497
23,5,7.509361629300017
23,6,6.305391066233099
23,7,7.512305322608249
23,8,5.519424952935136
23,9,2.4991956186890296
23,10,3.7973643676193736
23,11,4.503850761595071
23,12,3.084990587027212
23,13,6.237686120143762
23,14,0.5416395687147013
23,15,2.2931370871127843
23,16,11.074174225569056
23,17,17.317747732329284
23,18,0.017662159849392435
23,19,3.008454561013178
23,20,4.471470135204518
23,21,19.457812767413998
23,22,0.008831079924696218
23,23,0.31497518398083174
23,24,4.156494951223686
23,25,1.6896799589252096
23,26,2.555125791545439
23,27,11.22135889098066
23,28,0.7594728735238747
23,29,3.732603114838268
23,30,5.601848365565634
23,31,10.394181071367449
23,32,4.356666096183467
23,33,6.302447372924867
23,34,2.8936505219921274
23,35,0.8477836727708369
23,36,2.354954646585658
23,37,4.100564778367277
23,38,5.952147869245251
23,39,0.3326373438302242
23,40,4.57449940099264
23,41,9.13428033544412
23,42,1.9722745165154887
23,43,5.643060071880883
23,44,0.07359233270580182
23,45,2.393222659592675
23,46,0.5122026356323807
23,47,12.04264932397741
23,48,6.1376005476638715
23,49,3.767927434537053
23,50,1.580763306520623
23,51,8.77809344514804
23,52,13.03761766215985
23,53,0.03532431969878487
24,1,4.57504706486394
24,2,45.214855382508986
24,3,16.380900222488446
24,4,51.976998117405444
24,5,56.931439329111754
24,6,47.80366250213931
24,7,56.953756631867186
24,8,41.84494266643847
24,9,18.94739003936334
24,10,28.78932055450967
24,11,34.145473215813794
24,12,23.388533287694678
24,13,47.29036453876433
24,14,4.106383706999829
24,15,17.38517884648297
24,16,83.95769296594214
24,17,131.29269211021736
24,18,0.1339038165326031
24,19,22.808283416053396
24,20,33.89998288550402
24,21,147.51737121341776
24,22,0.06695190826630155
24,23,2.387951394831422
24,24,31.512031490672598
24,25,12.810131781619031
24,26,19.371418791716582
24,27,85.07355810371384
24,28,5.7578641109019335
24,29,28.298339893890123
24,30,42.46982714359062
24,31,78.80239602943693
24,32,33.0296080780421
24,33,47.78134519938388
24,34,21.937908608591478
24,35,6.42738319356495
24,36,17.85384220434708
24,37,31.088002738319354
24,38,45.12558617148725
24,39,2.5218552113640254
24,40,34.68108848194421
24,41,69.25059045011125
24,42,14.95259284614068
24,43,42.782269382166696
24,44,0.5579325688858463
24,45,18.14396714016772
24,46,3.88321067944549
24,47,91.30008557247989
24,48,46.53157624507958
24,49,28.56614752695533
24,50,11.984391579667978
24,51,66.55019681670375
24,52,98.84333390381653
24,53,0.2678076330652062
25,1,2.7249130013121112
25,2,26.930115808089454
25,3,9.756517770551657
25,4,30.957670146614184
25,5,33.90855154315705
25,6,28.472017799075818
25,7,33.92184380170004
25,8,24.92298476809858
25,9,11.285127502995037
25,10,17.14701352045182
25,11,20.33715557076844
25,12,13.930286953049233
25,13,28.16629585258714
25,14,2.445775571909407
25,15,10.354669404986023
25,16,50.00547663871299
25,17,78.1983570083861
25,18,0.07975355125791546
25,19,13.584688230931599
25,20,20.190940726795596
25,21,87.86182896913687
25,22,0.03987677562895773
25,23,1.4222716640994923
25,24,18.768669062696105
25,25,7.629756403673912
25,26,11.537680415311769
25,27,50.670089565862284
25,28,3.4294027040903647
25,29,16.854583832506133
25,30,25.295168007302184
25,31,46.934964915283246
25,32,19.672542643619146
25,33,28.458725540532832
25,34,13.066290147755149
25,35,3.828170460379942
25,36,10.633806834388727
25,37,18.51611615037937
25,38,26.87694677391751
25,39,1.5020252153574079
25,40,20.6561697758001
25,41,41.24587825888528
25,42,8.905813223800559
25,43,25.481259626903988
25,44,0.3323064635746477
25,45,10.806606195447545
25,46,2.312852986479548
25,47,54.37862969935536
25,48,27.71435906212562
25,49,17.014090935021965
25,50,7.1379428375834335
25,51,39.63751497518398
25,52,58.871413086884594
25,53,0.15950710251583092
26,1,8.89748416909122
26,2,87.93318500770152
26,3,31.857333561526612
26,4,101.08410063323635
26,5,110.71942495293513
26,6,92.96785897655313
26,7,110.76282731473557
26,8,81.37942837583432
26,9,36.848605168577784
26,10,55.98904672257402
26,11,66.40561355468081
26,12,45.485675166866336
26,13,91.9696046551429
26,14,7.986034571281875
26,15,33.810439842546636
26,16,163.279685093274
26,17,255.33609447201778
26,18,0.2604141708026698
26,19,44.35721376005476
26,20,65.92818757487592
26,21,286.88961150094127
26,22,0.1302070854013349
26,23,4.644052712647612
26,24,61.284134862228306
26,25,24.912955673455414
26,26,37.673250042786236
26,27,165.44980318329624
26,28,11.197809344514804
26,29,55.034194762964226
26,30,82.59469450624678
26,31,153.2537395173712
26,32,64.23549546465856
26,33,92.92445661475269
26,34,42.66452164983741
26,35,12.499880198528153
26,36,34.72188944035598
26,37,60.45948998801985
26,38,87.75957556049974
26,39,4.904466883450282
26,40,67.44727023789149
26,41,134.67752866678074
26,42,29.079582406298133
26,43,83.20232757145301
26,44,1.0850590450111244
26,45,35.286120143761764
26,46,7.552010953277426
26,47,177.5590621256204
26,48,90.49392435392777
26,49,55.55502310456957
26,50,23.307068286838952
26,51,129.42584288892692
26,52,192.2290604141708
26,53,0.5208283416053396
27,1,5.4498260026242225
27,2,53.86023161617891
27,3,19.513035541103314
27,4,61.91534029322837
27,5,67.8171030863141
27,6,56.944035598151636
27,7,67.84368760340008
27,8,49.84596953619716
27,9,22.570255005990074
27,10,34.29402704090364
27,11,40.67431114153688
27,12,27.860573906098466
27,13,56.33259170517428
27,14,4.891551143818814
27,15,20.709338809972046
27,16,100.01095327742598
27,17,156.3967140167722
27,18,0.15950710251583092
27,19,27.169376461863198
27,20,40.38188145359119
27,21,175.72365793827373
27,22,0.07975355125791546
27,23,2.8445433281989847
27,24,37.53733812539221
27,25,15.259512807347823
27,26,23.075360830623538
27,27,101.34017913172457
27,28,6.8588054081807295
27,29,33.70916766501227
27,30,50.59033601460437
27,31,93.86992983056649
27,32,39.34508528723829
27,33,56.917451081065664
27,34,26.132580295510298
27,35,7.656340920759884
27,36,21.267613668777454
27,37,37.03223230075874
27,38,53.75389354783502
27,39,3.0040504307148157
27,40,41.3123395516002
27,41,82.49175651777055
27,42,17.811626447601117
27,43,50.962519253807976
27,44,0.6646129271492954
27,45,21.61321239089509
27,46,4.625705972959096
27,47,108.75725939871072
27,48,55.42871812425124
27,49,34.02818187004393
27,50,14.275885675166867
27,51,79.27502995036797
27,52,117.74282617376919
27,53,0.31901420503166183
28,1,2.50972673854755
28,2,24.803445718523587
28,3,8.98604598094586
28,4,28.51294426379143
28,5,31.230794683096583
28,6,26.22358377545781
28,7,31.24303725255291
28,8,22.954817730617833
28,9,10.393941468423755
28,10,15.79291459866507
28,11,18.73113126818415
28,12,12.830212790233327
28,13,25.942004677962235
28,14,2.25263277996463
28,15,9.53696160648069
28,16,46.056546294711616
28,17,72.0230361115865
28,18,0.07345541673797706
28,19,12.51190598436876
28,20,18.596463004164526
28,21,80.92338410633806
28,22,0.03672770836898853
28,23,1.3099549318272576
28,24,17.28650807233727
28,25,7.027234867933139
28,26,10.626550288094016
28,27,46.668674767528096
28,28,3.1585829197330137
28,29,15.52357807062582
28,30,23.29760967539506
28,31,43.2285127502995
28,32,18.119002795367678
28,33,26.21134120600148
28,34,12.034445775571909
28,35,3.525860003422899
28,36,9.794055565063609
28,37,17.05389925266701
28,38,24.754475440698272
28,39,1.3834103485652347
28,40,19.02495293513606
28,41,37.988693022990475
28,42,8.202521535740772
28,43,23.46900564778367
28,44,0.30606423640823777
28,45,9.953208967995891
28,46,2.130207085401335
28,47,50.08435164584403
28,48,25.52575731644703
28,49,15.670488904101774
28,50,6.5742597980489474
28,51,36.5073421187746
28,52,54.2223401220834
28,53,0.14691083347595413
29,1,6.698841919105481
29,2,66.20416452735466
29,3,23.985121798163043
29,4,76.10537965656911
29,5,83.35973529579553
29,6,69.99472873523874
29,7,83.3924125734497
29,8,61.269895601574525
29,9,27.743008728392947
29,10,42.153688173883275
29,11,49.996234810884815
29,12,34.24578698157339
29,13,69.24315134919276
29,14,6.012619088367847
29,15,25.45559929260083
29,16,122.93191853499913
29,17,192.24042443950023
29,18,0.1960636659250385
29,19,33.39617776256489
29,20,49.63678475668891
29,21,215.99680529408406
29,22,0.09803183296251924
29,23,3.49646870899652
29,24,46.140316047692394
29,25,18.756757373495347
29,26,28.363877003822235
29,27,124.56578241770778
29,28,8.430737634776655
29,29,41.43478806549147
29,30,62.18485937589137
29,31,115.38346739688515
29,32,48.36237092817616
29,33,69.96205145758456
29,34,32.12176393405214
29,35,9.411055964401847
29,36,26.141822123338464
29,37,45.5194477722631
29,38,66.07345541673797
29,39,3.692532374921558
29,40,50.78048947458497
29,41,101.39759256089907
29,42,21.893776028295964
29,43,62.642341263049794
29,44,0.816931941354327
29,45,26.566626732842714
29,46,5.685846311826116
29,47,133.68274288322206
29,48,68.13212390895087
29,49,41.826915397341544
29,50,17.547698100290944
29,51,97.44364196474413
29,52,144.72766273033258
29,53,0.392127331850077
30,1,10.024873067488164
30,2,99.0750869986879
30,3,35.89393576359176
30,4,113.89233841063381
30,5,124.74854241542587
30,6,104.74769810029095
30,7,124.79744423526728
30,8,91.69091220263564
30,9,41.51764504535342
30,10,63.08334759541332
30,11,74.81978435735068
30,12,51.249107193793144
30,13,103.62295624393862
30,14,8.997934850818645
30,15,38.09451765645502
30,16,183.96864624336814
30,17,287.6894061269896
30,18,0.293410919048434
30,19,49.9776598779166
30,20,74.28186433909522
30,21,323.2410291516915
30,22,0.146705459524217
30,23,5.232494723030407
30,24,69.04936961606481
30,25,28.069644588966856
30,26,42.446779622340124
30,27,186.41373723543842
30,28,12.616669519082663
30,29,62.0075075589024
30,30,93.060163158195
30,31,172.67232586000344
30,32,72.3746933652804
30,33,104.69879628044954
30,34,48.07048890410178
30,35,14.083724114324834
30,36,39.12145587312454
30,37,68.1202350390781
30,38,98.87947971932228
30,39,5.5259056420788415
30,40,75.99342803354442
30,41,151.74234696788182
30,42,32.7642192937418
30,43,93.74478863597467
30,44,1.2225454960351418
30,45,39.75717953106281
30,46,8.508916652404587
30,47,200.05734497119062
30,48,101.96029436933082
30,49,62.594329396999264
30,50,26.260277254834847
30,51,145.8252267670717
30,52,216.58616007758573
30,53,0.586821838096868
31,1,2.846540019396429
31,2,28.13214672827885
31,3,10.192001825546237
31,4,32.33947173255748
31,5,35.422066290147754
31,6,29.742871812425125
31,7,35.43595185121798
31,8,26.035427006674652
31,9,11.788841348622283
31,10,17.912373780592162
31,11,21.24490843744652
31,12,14.552068001597354
31,13,29.423503907809916
31,14,2.5549432369216727
31,15,10.81685207370643
31,16,52.23748074619203
31,17,81.6887557761424
31,18,0.08331336642135889
31,19,14.191043413771464
31,20,21.092167265674025
31,21,91.78355867419705
31,22,0.041656683210679446
31,23,1.4857550345142336
31,24,19.606412231159794
31,25,7.970312054310001
31,26,12.052667008956586
31,27,52.93175879970335
31,28,3.5824747561184322
31,29,17.606891437047178
31,30,26.424222716640994
31,31,49.02991613896971
31,32,20.550630383935193
31,33,29.728986251354897
31,34,13.649506532032632
31,35,3.999041588225227
31,36,11.108448856181186
31,37,19.34258657082549
31,38,28.076604483997947
31,39,1.5690684009355924
31,40,21.578161903131953
31,41,43.08689600091277
31,42,9.303325917051742
31,43,26.618620571624167
31,44,0.34713902675566205
31,45,11.28896115009413
31,46,2.416087626219408
31,47,56.80583033829654
31,48,28.951394831422213
31,49,17.773518169889897
31,50,7.456546294711621
31,51,41.406743111415366
31,52,61.49914998003309
31,53,0.16662673284271778
32,1,4.50253865023675
32,2,44.49826002624222
32,3,16.121284728164756
32,4,51.15323178732386
32,5,56.02915169148268
32,6,47.04603799418107
32,7,56.05111529465457
32,8,41.18175594728735
32,9,18.64709909293171
32,10,28.333048091733698
32,11,33.604312852986475
32,12,23.017856124137143
32,13,46.54087512122768
32,14,4.041302983627132
32,15,17.109646870899653
32,16,82.62707513263734
32,17,129.2118774602088
32,18,0.13178161903131952
32,19,22.44680244166809
32,20,33.36271321809573
32,21,145.17941696617035
32,22,0.06589080951565976
32,23,2.3501055393918646
32,24,31.01260767870386
32,25,12.607108220662901
32,26,19.064407553197558
32,27,83.72525529123166
32,28,5.666609618346739
32,29,27.849848821952193
32,30,41.79673683610017
32,31,77.55348279993154
32,32,32.50613269439215
32,33,47.02407439100918
32,34,21.590221917964513
32,35,6.325517713503337
32,36,17.57088253750927
32,37,30.595299218438015
32,38,44.41040561355468
32,39,2.4818871584231843
32,40,34.13143932911176
32,41,68.15306064236408
32,42,14.715614125164013
32,43,42.104227280506585
32,44,0.5490900792971647
32,45,17.856409378743795
32,46,3.821666951908266
32,47,89.85310057618803
32,48,45.79411261338353
32,49,28.11341206001483
32,50,11.794454903303096
32,51,65.4954646585658
32,52,97.27679844828569
32,53,0.26356323806263904
33,1,6.331621883735524
33,2,62.57495578755206
33,3,22.67029493981402
33,4,71.93340179131724
33,5,78.79008500199669
33,6,66.15772719493411
33,7,78.82097096240516
33,8,57.91117576587369
33,9,26.22218038678761
33,10,39.8428889269211
33,11,47.255519424952936
33,12,32.36848650807234
33,13,65.44735010553939
33,14,5.683016715157739
33,15,24.06016315819499
33,16,116.19298305664898
33,17,181.7021050830053
33,18,0.1853157624507958
33,19,31.565451537452223
33,20,46.91577386045981
33,21,204.15619829996007
33,22,0.0926578812253979
33,23,3.3047977637058588
33,24,43.61097609675395
33,25,17.728541274459467
33,26,26.80901363454846
33,27,117.73728107707228
33,28,7.968577785384221
33,29,39.16339779793485
33,30,58.77598265731074
33,31,109.05832620229334
33,32,45.71122140452964
33,33,66.12684123452564
33,34,30.36089908152205
33,35,8.895156597638199
33,36,24.708768326772777
33,37,43.024142848993094
33,38,62.45141194591819
33,39,3.4901135261566547
33,40,47.99678247475612
33,41,95.8391351474699
33,42,20.6935934736722
33,43,59.20838610302926
33,44,0.7721490102116493
33,45,25.110285812082832
33,46,5.374157111073079
33,47,126.35446403103428
33,48,64.39722745165155
33,49,39.53402932283644
33,50,16.585760739346227
33,51,92.10193393804552
33,52,136.7939186490958
33,53,0.3706315249015916
34,1,0.6432198071766786
34,2,6.356894289463175
34,3,2.3030406754521078
34,4,7.307604541046266
34,5,8.00416452735467
34,6,6.720862570597296
34,7,8.007302184950653
34,8,5.883107992469622
34,9,2.663871298990245
34,10,4.0475782988191
34,11,4.800616121855211
34,12,3.2882651605910205
34,13,6.6486964458896685
34,14,0.5773289976610189
34,15,2.4442352672713787
34,16,11.803867876091049
34,17,18.458839637172684
34,18,0.018825945575902787
34,19,3.2066860630954417
34,20,4.7661018882993895
34,21,20.739916709452906
34,22,0.009412972787951394
34,23,0.3357293627702664
34,24,4.430372525529123
34,25,1.8010154600947001
34,26,2.7234867933139366
34,27,11.960750755890238
34,28,0.8095156597638199
34,29,3.978549831707456
34,30,5.970962405157168
34,31,11.079068971418792
34,32,4.643733242056022
34,33,6.717724913001312
34,34,3.0843174168520737
34,35,0.9036453876433339
34,36,2.5101260767870386
34,37,4.3707570312054305
34,38,6.34434365907924
34,39,0.3545553083461692
34,40,4.875919904158822
34,41,9.736151520337726
34,42,2.1022305893091446
34,43,6.014889611500941
34,44,0.07844143989959496
34,45,2.5509156255348278
34,46,0.5459524217011809
34,47,12.836157225169718
34,48,6.5420160876262194
34,49,4.016201722859262
34,50,1.6849221290432996
34,51,9.356494951223686
34,52,13.896685492612242
34,53,0.037651891151805575
35,1,1.889896742540932
35,2,18.67771122140453
35,3,6.766752239146557
35,4,21.47107079696503
35,5,23.517690684009356
35,6,19.74711620742769
35,7,23.526909692509555
35,8,17.28564093787438
35,9,7.826938216669519
35,10,11.892520965257573
35,11,14.105083005305493
35,12,9.661520908209253
35,13,19.5350790119231
35,14,1.696297564036739
35,15,7.181607621655542
35,16,34.681909977751154
35,17,54.235427006674655
35,18,0.05531405100119802
35,19,9.421826687204062
35,20,14.003673911803297
35,21,60.93764618631981
35,22,0.02765702550059901
35,23,0.9864339095213646
35,24,13.017240002281932
35,25,5.29171087911461
35,26,8.002099378173313
35,27,35.14286040276114
35,28,2.3785041930515147
35,29,11.68970277825318
35,30,17.54377317587997
35,31,32.55231901420503
35,32,13.64413258029551
35,33,19.73789719892749
35,34,9.062285355696275
35,35,2.655074448057505
35,36,7.375206800159735
35,37,12.84207884077814
35,38,18.64083518740373
35,39,1.0417479605225626
35,40,14.326339209310285
35,41,28.606583376119573
35,42,6.176735695133778
35,43,17.672839294882767
35,44,0.23047521250499173
35,45,7.495053910662331
35,46,1.6041074790347425
35,47,37.71496377431684
35,48,19.22163272291631
35,49,11.800330880255576
35,50,4.950607564607222
35,51,27.491083347595413
35,52,40.83098864738433
35,53,0.11062810200239603
36,1,7.365451537452222
36,2,72.79221860916195
36,3,26.371909407267953
36,4,83.67871527183523
36,5,91.65496035141764
36,6,76.95998630840322
36,7,91.69088938330765
36,8,67.36693479377031
36,9,30.5037480746192
36,10,46.34845113811398
36,11,54.97141879171658
36,12,37.65362542073136
36,13,76.13361857493297
36,14,6.610941867761994
36,15,27.98871584231844
36,16,135.16501797022076
36,17,211.37049460893374
36,18,0.215574191340065
36,19,36.719470591591076
36,20,54.57619944092646
36,21,237.49090079297162
36,22,0.1077870956700325
36,23,3.8444064122311596
36,24,50.7317930286953
36,25,20.62326430486622
36,26,31.186399680529405
36,27,136.9614695647213
36,28,9.269690227622796
36,29,45.55801243653374
36,30,68.37294768669062
36,31,126.86541160362826
36,32,53.174967197216034
36,33,76.9240572765132
36,34,35.31823834788065
36,35,10.347561184323121
36,36,28.743225512008667
36,37,50.04914142278509
36,38,72.64850248160191
36,39,4.0599806035712245
36,40,55.833715557076836
36,41,111.48778595470363
36,42,24.07245136630726
36,43,68.87595413315077
36,44,0.8982257972502709
36,45,29.21030292657881
36,46,6.251651548861886
36,47,146.98566946203434
36,48,74.91203149067259
36,49,45.98916081921387
36,50,19.293890124935817
36,51,107.14037309601231
36,52,159.129682240858
36,53,0.43114838268013
37,1,2.8629128872154714
37,2,28.293958582919732
37,3,10.2506246791032
37,4,32.52548348451138
37,5,35.62580865993497
37,6,29.913948314222147
37,7,35.63977408865309
37,8,26.18517884648297
37,9,11.856648981687488
37,10,18.015403046380285
37,11,21.367105938730106
37,12,14.635769296594216
37,13,29.59274345370529
37,14,2.569638884134862
37,15,10.879068971418791
37,16,52.53794283758344
37,17,82.15861714872497
37,18,0.08379257230874551
37,19,14.272668149922985
37,20,21.21348622283074
37,21,92.31148382680131
37,22,0.041896286154372755
37,23,1.4943008728392948
37,24,19.71918534999144
37,25,8.01615608420332
37,26,12.12199212733185
37,27,53.236214273489644
37,28,3.603080609276057
37,29,17.70816361458155
37,30,26.57621085059045
37,31,49.31192880369673
37,32,20.66883450282389
37,33,29.899982885504023
37,34,13.728016429916138
37,35,4.022043470819784
37,36,11.1723429744994
37,37,19.453842204347083
37,38,28.238096868047236
37,39,1.5780934451480404
37,40,21.702276227965086
37,41,43.33472531233955
37,42,9.356837241143248
37,43,26.77172685264419
37,44,0.3491357179531063
37,45,11.353893547835016
37,46,2.4299845969536196
37,47,57.13256888584631
37,48,29.117918877289064
37,49,17.87574875919904
37,50,7.499435221632723
37,51,41.64490843744652
37,52,61.85288379257231
37,53,0.16758514461749102
38,1,4.6077928005020246
38,2,45.53847909179074
38,3,16.498145929602373
38,4,52.34902162131325
38,5,57.338924068686175
38,6,48.14581550573335
38,7,57.361401106737404
38,8,42.144446346055105
38,9,19.083005305493753
38,10,28.99537908608591
38,11,34.38986821838097
38,12,23.555935877688402
38,13,47.628843630555075
38,14,4.135775001426207
38,15,17.509612641907694
38,16,84.55861714872496
38,17,132.2324148553825
38,18,0.13486222830737635
38,19,22.971532888356435
38,20,34.14262079981744
38,21,148.57322151862627
38,22,0.06743111415368817
38,23,2.4050430714815447
38,24,31.7375777283359
38,25,12.90181984140567
38,26,19.51006902846711
38,27,85.68246905128643
38,28,5.799075817217183
38,29,28.500884248958865
38,30,42.77380341148953
38,31,79.36642135889097
38,32,33.2660163158195
38,33,48.123338467682125
38,34,22.09492840435849
38,35,6.473386958754064
38,36,17.981630440983512
38,37,31.310514005362542
38,38,45.44857093958583
38,39,2.539905299788921
38,40,34.929317131610475
38,41,69.7462490729648
38,42,15.059615494323692
38,43,43.08848194420674
38,44,0.5619259512807347
38,45,18.273831935649493
38,46,3.9110046209139138
38,47,91.95356266757943
38,48,46.86462433681328
38,49,28.77060870557362
38,50,12.070169433510182
38,51,67.02652746876605
38,52,99.55080152889497
38,53,0.2697244566147527
39,1,1.7963374978606879
39,2,17.753072052028067
39,3,6.431764504535341
39,4,20.40814650008557
39,5,22.353448570939584
39,6,18.769536197158992
39,7,22.362211192880366
39,8,16.429916138969705
39,9,7.439466027725483
39,10,11.303782303611158
39,11,13.40681156939928
39,12,9.183227793941468
39,13,18.567995892520965
39,14,1.612322437104227
39,15,6.826082491870614
39,16,32.96498374122882
39,17,51.55050487763135
39,18,0.052575731644703055
39,19,8.955399623481087
39,20,13.310422728050657
39,21,57.9209310285812
39,22,0.026287865822351528
39,23,0.9376005476638712
39,24,12.372822180386786
39,25,5.029744994009926
39,26,7.605955844600376
39,27,33.40311483826801
39,28,2.2607564607222317
39,29,11.111004620913913
39,30,16.675269553311654
39,31,30.94081807290775
39,32,12.968680472360088
39,33,18.76077357521821
39,34,8.613657367790518
39,35,2.5236351189457467
39,36,7.010097552627075
39,37,12.206332363511894
39,38,17.71802156426493
39,39,0.9901762793085743
39,40,13.617114495978091
39,41,27.190415882252264
39,42,5.870956700325175
39,43,16.79794626048263
39,44,0.2190655485195961
39,45,7.124011637857264
39,46,1.5246962176963887
39,47,35.8478863597467
39,48,18.27006674653431
39,49,11.21615608420332
39,50,4.705527982200924
39,51,26.13013862741742
39,52,38.80965257573164
39,53,0.10515146328940611
40,1,1.1507787095670032
40,2,11.373061783330481
40,3,4.120349135717953
40,4,13.07396885161732
40,5,14.320177990758172
40,6,12.02423412630498
40,7,14.325791545438987
40,8,10.525415026527469
40,9,4.765907924011638
40,10,7.241485538250899
40,11,8.588738661646415
40,12,5.883005305493754
40,13,11.895122368646243
40,14,1.0328940612698956
40,15,4.372959096354612
40,16,21.118192709224715
40,17,33.02454218723258
40,18,0.0336813280848879
40,19,5.737052883792573
40,20,8.526989560157453
40,21,37.10559644018484
40,22,0.01684066404244395
40,23,0.6006503508471676
40,24,7.926339209310286
40,25,3.2221803867876093
40,26,4.872565462947116
40,27,21.398870443265444
40,28,1.4482971076501798
40,29,7.117987335272976
40,30,10.68259455759028
40,31,19.82146157795653
40,32,8.308060927605682
40,33,12.018620571624165
40,34,5.518124251240801
40,35,1.6167037480746191
40,36,4.49084374465172
40,37,7.819681670374807
40,38,11.350607564607223
40,39,0.6343316789320554
40,40,8.723463973985966
40,41,17.418860174567858
40,42,3.7610816361458155
40,43,10.761184323121684
40,44,0.14033886702036624
40,45,4.563819955502311
40,46,0.9767585144617491
40,47,22.965052199212735
40,48,11.704261509498545
40,49,7.185349991442752
40,50,3.0144788635974673
40,51,16.739620058189285
40,52,24.862433681328085
40,53,0.0673626561697758
41,1,6.359689657139597
41,2,62.852347538364995
41,3,22.770791260197388
41,4,72.25227908038109
41,5,79.13935763591762
41,6,66.45100119801472
41,7,79.17038051229392
41,8,58.1678932055451
41,9,26.33842204347082
41,10,40.01951052541503
41,11,47.4650008557248
41,12,32.511974442352674
41,13,65.73747504136003
41,14,5.708209253237492
41,15,24.16682069713047
41,16,116.70806092760569
41,17,182.5075817217183
41,18,0.1861372582577443
41,19,31.705379656569114
41,20,47.123749215585605
41,21,205.06121284728164
41,22,0.09306862912887215
41,23,3.319447772263107
41,24,43.804301443322494
41,25,17.80713103999087
41,26,26.927856694620345
41,27,118.25920474642022
41,28,8.003902105083005
41,29,39.33700724513663
41,30,59.03653374408124
41,31,109.54177648468253
41,32,45.913857036910265
41,33,66.41997832163842
41,34,30.495487477893775
41,35,8.934588396371726
41,36,24.818301101032574
41,37,43.21486679217297
41,38,62.72825603285983
41,39,3.505585030520851
41,40,48.209549888755774
41,41,96.2639853956301
41,42,20.78532717211478
41,43,59.47085401334931
41,44,0.775571909407268
41,45,25.221598493924354
41,46,5.397980489474585
41,47,126.91458725540534
41,48,64.68269724456614
41,49,39.70928176165212
41,50,16.659284614068117
41,51,92.51021735409893
41,52,137.4003194705916
41,53,0.3722745165154886
42,1,1.8267442523817672
42,2,18.053579782075417
42,3,6.540635518283986
42,4,20.753596896571395
42,5,22.73182725768726
42,6,19.08724970049632
42,7,22.740738205259856
42,8,16.708026698613725
42,9,7.565394489132295
42,10,11.495122368646243
42,11,13.6337497860688
42,12,9.338673056078498
42,13,18.88229790632666
42,14,1.6396143533572936
42,15,6.941628159050715
42,16,33.52298476809858
42,17,52.42310456957043
42,18,0.05346568543556392
42,19,9.106988419191055
42,20,13.535729362770265
42,21,58.901363454846255
42,22,0.02673284271778196
42,23,0.9534713902675566
42,24,12.58225797250271
42,25,5.114883906668949
42,26,7.73470249301158
42,27,33.96853214672828
42,28,2.2990244737292485
42,29,11.299081522049175
42,30,16.957533230646355
42,31,31.464555878829366
42,32,13.1882024074391
42,33,19.078338752923727
42,34,8.759461463859889
42,35,2.5663529009070682
42,36,7.1287580580751895
42,37,12.412949968623424
42,38,18.01793599178504
42,39,1.0069370757031204
42,40,13.847612527811055
42,41,27.65067031775914
42,42,5.970334873637971
42,43,17.08228649666267
42,44,0.22277368931484967
42,45,7.244600376518911
42,46,1.5505048776313537
42,47,36.454686519482
42,48,18.57932568885846
42,49,11.406012892920304
42,50,4.785178846482971
42,51,26.572445661475268
42,52,39.46658679901877
42,53,0.10693137087112783
43,1,4.661589366193165
43,2,46.07014661418221
43,3,16.69076387700382
43,4,52.960203092018936
43,5,58.00836328370129
43,6,48.70792401163786
43,7,58.03110274402418
43,8,42.63648810542529
43,9,19.305801814136572
43,10,29.3339038165326
43,11,34.79137429402704
43,12,23.830954418392377
43,13,48.1849164242113
43,14,4.184060699412402
43,15,17.71403959153403
43,16,85.54584973472531
43,17,133.7762450795824
43,18,0.13643676193736093
43,19,23.239728449997145
43,20,34.54124023047521
43,21,150.30783273432596
43,22,0.06821838096868046
43,23,2.433122254549603
43,24,32.10811797592561
43,25,13.052450225340863
43,26,19.737851560271547
43,27,86.68282275086997
43,28,5.8667807633065205
43,29,28.833635689428945
43,30,43.27319299446631
43,31,80.2930344001369
43,32,33.654401277882364
43,33,48.68518455131496
43,34,22.3528894974043
43,35,6.548964572993325
43,36,18.191568258314792
43,37,31.67606822979063
43,38,45.97918877289064
43,39,2.569559016486964
43,40,35.33712134177648
43,41,70.5605453819385
43,42,15.235438416338638
43,43,43.59154543898682
43,44,0.5684865080723372
43,45,18.487181242512406
43,46,3.956666096183467
43,47,93.02713218095727
43,48,47.41177477323293
43,49,29.106509213303667
43,50,12.211090193393805
43,51,67.80907068286838
43,52,100.71306977009526
43,53,0.27287352387472186
44,1,0.09589822579725027
44,2,0.9477551486108734
44,3,0.3433624279764961
44,4,1.0894974043014434
44,5,1.1933481658965144
44,6,1.002019510525415
44,7,1.1938159621199156
44,8,0.8771179188772891
44,9,0.3971589936676365
44,10,0.6034571281875749
44,11,0.7157282218038679
44,12,0.49025044212447944
44,13,0.991260197387187
44,14,0.08607450510582464
44,15,0.36441325802955105
44,16,1.7598493924353928
44,17,2.752045182269382
44,18,0.002806777340407325
44,19,0.47808774031604767
44,20,0.7105824633464545
44,21,3.09213303668207
44,22,0.0014033886702036625
44,23,0.05005419590393063
44,24,0.6605282674425238
44,25,0.2685150322323008
44,26,0.40604712191225967
44,27,1.7832392036054538
44,28,0.12069142563751498
44,29,0.593165611272748
44,30,0.8902162131325233
44,31,1.6517884648297108
44,32,0.6923384106338069
44,33,1.0015517143020138
44,34,0.4598436876034001
44,35,0.1347253123395516
44,36,0.37423697872097667
44,37,0.6516401391979006
44,38,0.9458839637172686
44,39,0.05286097324433796
44,40,0.7269553311654972
44,41,1.4515716812139883
44,42,0.31342346967881796
44,43,0.8967653602601403
44,44,0.01169490558503052
44,45,0.3803183296251925
44,46,0.08139654287181243
44,47,1.9137543499343945
44,48,0.9753551257915455
44,49,0.5987791659535626
44,50,0.25120657196645557
44,51,1.3949683381824405
44,52,2.071869473444007
44,53,0.00561355468081465
45,1,4.829996006617605
45,2,47.73449711905984
45,3,17.29374179930401
45,4,54.87346682640196
45,5,60.103999087226875
45,6,50.46756803012151
45,7,60.12756004335672
45,8,44.1767927434537
45,9,20.003251754235837
45,10,30.393633407496147
45,11,36.04826287865822
45,12,24.69188202407439
45,13,49.925666039135145
45,14,4.335215927890923
45,15,18.3539848251469
45,16,88.6363169604655
45,17,138.60910491186033
45,18,0.14136573677905184
45,19,24.0792971646985
45,20,35.78909236122996
45,21,155.73792001825547
45,22,0.07068286838952592
45,23,2.521022305893091
45,24,33.26807005533687
45,25,13.523988818529293
45,26,20.450909920702834
45,27,89.81436476695761
45,28,6.078726681499229
45,29,29.875292372639624
45,30,44.83649951508928
45,31,83.19373609447202
45,32,34.870215072166125
45,33,50.44400707399167
45,34,23.160419875634663
45,35,6.7855553653944884
45,36,18.84876490387358
45,37,32.82041188886987
45,38,47.64025329454047
45,39,2.662388042672143
45,40,36.61372582577443
45,41,73.10964687089965
45,42,15.785840606994123
45,43,45.166352900907064
45,44,0.5890239032460494
45,45,19.155057333561526
45,46,4.0996063665925035
45,47,96.38787152718352
45,48,49.12459353072052
45,49,30.15802384619773
45,50,12.65223344172514
45,51,70.25877117918877
45,52,104.35147469907011
45,53,0.2827314735581037
46,1,1.120371955045924
46,2,11.07255405328313
46,3,4.011478121969308
46,4,12.728518455131496
46,5,13.941799304010496
46,6,11.706520622967652
46,7,13.947264533059501
46,8,10.247304466883449
46,9,4.639979462604826
46,10,7.050145473215814
46,11,8.361800444976895
46,12,5.727560043356723
46,13,11.580820354840549
46,14,1.005602145016829
46,15,4.257413429174511
46,16,20.560191682354954
46,17,32.15194249529351
46,18,0.03279137429402704
46,19,5.585464088082605
46,20,8.301682925437845
46,21,36.125164013919786
46,22,0.01639568714701352
46,23,0.5847795082434822
46,24,7.716903417194363
46,25,3.1370414741285866
46,26,4.743818814535912
46,27,20.83345313480518
46,28,1.4100290946431626
46,29,6.929910434137714
46,30,10.400330880255575
46,31,19.297723772034914
46,32,8.08853899252667
46,33,11.701055393918649
46,34,5.37232015517143
46,35,1.5739859661132978
46,36,4.372183239203605
46,37,7.613064065263277
46,38,11.050693137087112
46,39,0.6175708825375092
46,40,8.492965942153003
46,41,16.958605739060985
46,42,3.661703462833019
46,43,10.47684408694164
46,44,0.13663072622511266
46,45,4.443231216840664
46,46,0.9509498545267842
46,47,22.358252039477435
46,48,11.395002567174396
46,49,6.9954931827257685
46,50,2.93482799931542
46,51,16.297313024131437
46,52,24.205499458040958
46,53,0.06558274858805407
47,1,7.8075189685663755
47,2,77.16113868446574
47,3,27.954726453305952
47,4,88.70103257459068
47,5,97.15600433567232
47,6,81.57905185692282
47,7,97.19408979405557
47,8,71.41023446859491
47,9,32.33455416737977
47,10,49.130241314393295
47,11,58.27075132637344
47,12,39.91356038564665
47,13,80.70308631410805
47,14,7.007724342518113
47,15,29.668572080552227
47,16,143.27749443778882
47,17,224.05675166866337
47,18,0.2285127502995037
47,19,38.92333846768213
47,20,57.851811284157684
47,21,251.74487991328655
47,22,0.11425637514975184
47,23,4.075144047007816
47,24,53.776667237149866
47,25,21.861053111985854
47,26,33.05817787666153
47,27,145.18176735695135
47,28,9.826048262878658
47,29,48.29236122996178
47,30,72.47662730332591
47,31,134.47975355125791
47,32,56.366478407210906
47,33,81.54096639853957
47,34,37.43800559073535
47,35,10.968612014376177
47,36,30.46836670660049
47,37,53.053043527868105
47,38,77.00879685093274
47,39,4.303656797307319
47,40,59.184802327571454
47,41,118.17917736322666
47,42,25.517257116777913
47,43,73.00982372069143
47,44,0.9521364595812654
47,45,30.96347766558275
47,46,6.626869758685607
47,47,155.80761024587827
47,48,79.40818072907753
47,49,48.749386730560786
47,50,20.45189115180558
47,51,113.57083689885333
47,52,168.68049517941697
47,53,0.4570255005990074
48,1,7.975925608990815
48,2,78.82548918934337
48,3,28.55770437560614
48,4,90.6142963089737
48,5,99.2516401391979
48,6,83.33869587540647
48,7,99.2905470933881
48,8,72.95053910662331
48,9,33.03200410747903
48,10,50.18997090535684
48,11,59.52763991100462
48,12,40.774487991328655
48,13,82.44383592903189
48,14,7.158879570996635
48,15,30.308517314165098
48,16,146.367961663529
48,17,228.8896115009413
48,18,0.2334417251411946
48,19,39.76290718238348
48,20,59.099663414912435
48,21,257.17496719721606
48,22,0.1167208625705973
48,23,4.163044098351303
48,24,54.93661931656113
48,25,22.332591705174284
48,26,33.77123623709282
48,27,148.31330937303898
48,28,10.037994181071367
48,29,49.33401791317246
48,30,74.03993382394889
48,31,137.38045524559303
48,32,57.58229220149467
48,33,83.29978892121628
48,34,38.24553596896572
48,35,11.20520280677734
48,36,31.12556335215928
48,37,54.197387186947346
48,38,78.66986137258257
48,39,4.396485823492498
48,40,60.461406811569404
48,41,120.72827885218781
48,42,26.0676593074334
48,43,74.58463118261167
48,44,0.9726738547549775
48,45,31.631353756631867
48,46,6.769810029094644
48,47,159.1683495921045
48,48,81.12099948656513
48,49,49.80090136345485
48,50,20.893034400136916
48,51,116.02053739517372
48,52,172.3189001083918
48,53,0.4668834502823892
49,1,7.854298590906498
49,2,77.62345826915397
49,3,28.122220320611557
49,4,89.2324947230304
49,5,97.7381253922072
49,6,82.06784186205716
49,7,97.77643904387016
49,8,71.83809686804723
49,9,32.52829026185179
49,10,49.4246106452165
49,11,58.619887044326546
49,12,40.15270694278053
49,13,81.18662787380912
49,14,7.049711905984369
49,15,29.846334645444692
49,16,144.13595755604996
49,17,225.399212733185
49,18,0.22988190997775115
49,19,39.156551999543616
49,20,58.198436876034
49,21,253.25323749215585
49,22,0.11494095498887558
49,23,4.099560727936562
49,24,54.09887614809744
49,25,21.992036054538193
49,26,33.256249643448
49,27,146.0516401391979
49,28,9.8849221290433
49,29,48.58171030863141
49,30,72.91087911461007
49,31,135.28550402190655
49,32,56.70420446117862
49,33,82.0295282103942
49,34,37.662319584688234
49,35,11.034331678932055
49,36,30.65092133036682
49,37,53.370916766501225
49,38,77.47020366250214
49,39,4.329442637914314
49,40,59.53941468423755
49,41,118.88726111016031
49,42,25.67014661418221
49,43,73.44727023789149
49,44,0.9578412915739631
49,45,31.148998801985282
49,46,6.666575389354783
49,47,156.74114895316333
49,48,79.88396371726853
49,49,49.04147412858691
49,50,20.57443094300873
49,51,114.25130925894233
49,52,169.6911632152433
49,53,0.4597638199555023
50,1,1.8969136858919504
50,2,18.747059159107764
50,3,6.791876319242398
50,4,21.550790119230985
50,5,23.605008842489585
50,6,19.82043470819784
50,7,23.614262079981742
50,8,17.349820297792228
50,9,7.855998630840321
50,10,11.936676364881054
50,11,14.157453362998458
50,12,9.697392891779335
50,13,19.607610245878256
50,14,1.7025956985566775
50,15,7.208272006389411
50,16,34.81067944549033
50,17,54.4367961663529
50,18,0.05551942495293513
50,19,9.456808716983284
50,20,14.055667750584744
50,21,61.1638998231502
50,22,0.027759712476467566
50,23,0.9900964116606765
50,24,13.065571338924068
50,25,5.311358320497461
50,26,8.031810143191283
50,27,35.27334132009812
50,28,2.3873352729762107
50,29,11.733105140053624
50,30,17.608910947572593
50,31,32.67318158480232
50,32,13.694791488390665
50,33,19.811181470705687
50,34,9.095932454789205
50,35,2.6649323977408863
50,36,7.402589993724684
50,37,12.889759826573107
50,38,18.71004620913914
50,39,1.0456158366136117
50,40,14.3795310628102
50,41,28.71279593815962
50,42,6.199669119744423
50,43,17.738456272462773
50,44,0.23133093730389637
50,45,7.52288208112271
50,46,1.6100633236351187
50,47,37.8549945804096
50,48,19.293000171144957
50,49,11.844143989959495
50,50,4.968988533287694
50,51,27.593154201608762
50,52,40.98258885275828
50,53,0.11103884990587026
51,1,6.2848422613954025
51,2,62.112636202863825
51,3,22.502801072508415
51,4,71.40193964287752
51,5,78.20796394546181
51,6,65.66893718979976
51,7,78.23862171259057
51,8,57.48331336642136
51,9,26.02844429231559
51,10,39.5485195960979
51,11,46.90638370699983
51,12,32.129339950938444
51,13,64.96380854583833
51,14,5.641029151691483
51,15,23.882400593302528
51,16,115.33451993838781
51,17,180.35964401848366
51,18,0.18394660277254835
51,19,31.332238005590735
51,20,46.56914826858349
51,21,202.64784072109077
51,22,0.09197330138627417
51,23,3.2803810827771125
51,24,43.28876718580638
51,25,17.597558331907127
51,26,26.610941867761994
51,27,116.86740829482572
51,28,7.909703919219579
51,29,38.87404871926522
51,30,58.341730846026586
51,31,108.25257573164471
51,32,45.373495350561925
51,33,65.638279422671
51,34,30.136585087569173
51,35,8.82943693308232
51,36,24.526213703006448
51,37,42.706269610359975
51,38,61.99000513434879
51,39,3.4643276855496605
51,40,47.64217011809002
51,41,95.13105140053625
51,42,20.5407039762679
51,43,58.7709395858292
51,44,0.7664441782189515
51,45,24.9247646756803
51,46,5.334451480403902
51,47,125.42092532374922
51,48,63.92144446346055
51,49,39.24194192481031
51,50,16.46322094814308
51,51,91.42146157795653
51,52,135.78325061326944
51,53,0.3678932055450967
52,1,1.4291174624907297
52,2,14.123863312225454
52,3,5.11693764618632
52,4,16.236168634833703
52,5,17.78379827714074
52,6,14.932534656854356
52,7,17.790769581835814
52,8,13.071196303268868
52,9,5.918637686120143
52,10,8.992983056648981
52,11,10.666096183467397
52,12,7.3059273204404125
52,13,14.772194648867591
52,14,1.2827200638941183
52,15,5.430646357464773
52,16,26.226048262878656
52,17,41.0121855211364
52,18,0.04182782817046038
52,19,7.124673398368418
52,20,10.589411831821552
52,21,46.080324034457185
52,22,0.02091391408523019
52,23,0.74592960237321
52,24,9.843482229448343
52,25,4.001528894974043
52,26,6.051092475326602
52,27,26.574613497632495
52,28,1.7985966113297964
52,29,8.839614353357293
52,30,13.266392834731016
52,31,24.615676878315934
52,32,10.31753094871356
52,33,14.925563352159278
52,34,6.852792515260425
52,35,2.007735752182098
52,36,5.577043756061384
52,37,9.711027440241885
52,38,14.095978093445147
52,39,0.7877574305436705
52,40,10.833407496149238
52,41,21.631958468823093
52,42,4.670774145701409
52,43,13.36399110046209
52,44,0.17428261737691825
52,45,5.667670717097382
52,46,1.213007016943351
52,47,28.519607507558902
52,48,14.535170289234982
52,49,8.923270009698214
52,50,3.743590621256204
52,51,20.788430600718808
52,52,30.875908494494837
52,53,0.08365565634092076
53,1,0.3718979976039706
53,2,3.675440698271436
53,3,1.3315762450795823
53,4,4.225124080095841
53,5,4.627862399452336
53,6,3.8858805408180728
53,7,4.629676536026014
53,8,3.401506075646072
53,9,1.5402019510525415
53,10,2.3402361800444975
53,11,2.7756289577271946
53,12,1.9012151292144446
53,13,3.844155399623481
53,14,0.3338011295567345
53,15,1.4132123908950882
53,16,6.824781790176279
53,17,10.672565462947116
53,18,0.010884819442067432
53,19,1.854047578298819
53,20,2.755673455416738
53,21,11.991442752010952
53,22,0.005442409721033716
53,23,0.19411261338353586
53,24,2.561560842033202
53,25,1.0413143932911175
53,26,1.5746705459524217
53,27,6.9154886188601745
53,28,0.4680472360088995
53,29,2.3003251754235836
53,30,3.4523018997090533
53,31,6.405716241656683
53,32,2.6849221290432994
53,33,3.884066404244395
53,34,1.7832962519253808
53,35,0.5224713332192367
53,36,1.4513092589423242
53,37,2.527092247133322
53,38,3.668184151976724
53,39,0.2049974328256033
53,40,2.819168235495465
53,41,5.62926578812254
53,42,1.2154715043641964
53,43,3.477699811740544
53,44,0.04535341434194763
53,45,1.474893034400137
53,46,0.3156597638199555
53,47,7.42163272291631
53,48,3.7824747561184324
53,49,2.3220948143077185
53,50,0.974191340065035
53,51,5.409755262707513
53,52,8.034810884819441
53,53,0.021769638884134863
